"ID","STD ABBR","STD NAME","DST ABBR","DST NAME","GMT offset","DST adjustment","DST Start Date rule","Start time","DST End date rule","End time"
"Africa/Abidjan","GMT","Greenwich Mean Time","","","+00:00:00","+00:00:00","","","","+00:00:00"
"Africa/Accra","GMT","Greenwich Mean Time","","","+00:00:00","+00:00:00","","","","+00:00:00"
"Africa/Addis_Ababa","EAT","East Africa Time","","","+03:00:00","+00:00:00","","","","+00:00:00"
"Africa/Algiers","CET","Central European Time","","","+01:00:00","+00:00:00","","","","+00:00:00"
"Africa/Asmara","EAT","East Africa Time","","","+03:00:00","+00:00:00","","","","+00:00:00"
"Africa/Asmera","EAT","East Africa Time","","","+03:00:00","+00:00:00","","","","+00:00:00"
"Africa/Bamako","GMT","Greenwich Mean Time","","","+00:00:00","+00:00:00","","","","+00:00:00"
"Africa/Bangui","WAT","West Africa Time","","","+01:00:00","+00:00:00","","","","+00:00:00"
"Africa/Banjul","GMT","Greenwich Mean Time","","","+00:00:00","+00:00:00","","","","+00:00:00"
"Africa/Bissau","GMT","Greenwich Mean Time","","","+00:00:00","+00:00:00","","","","+00:00:00"
"Africa/Blantyre","CAT","Central Africa Time","","","+02:00:00","+00:00:00","","","","+00:00:00"
"Africa/Brazzaville","WAT","West Africa Time","","","+01:00:00","+00:00:00","","","","+00:00:00"
"Africa/Bujumbura","CAT","Central Africa Time","","","+02:00:00","+00:00:00","","","","+00:00:00"
"Africa/Cairo","EET","Eastern European Time","EEST","Eastern European Summer Time","+02:00:00","+01:00:00","-1;5;4","+00:00:00","-1;5;9","+00:00:00"
"Africa/Casablanca","WET","Western European Time","","","+00:00:00","+00:00:00","","","","+00:00:00"
"Africa/Ceuta","CET","Central European Time","CEST","Central European Summer Time","+01:00:00","+01:00:00","-1;0;3","+02:00:00","-1;0;10","+03:00:00"
"Africa/Conakry","GMT","Greenwich Mean Time","","","+00:00:00","+00:00:00","","","","+00:00:00"
"Africa/Dakar","GMT","Greenwich Mean Time","","","+00:00:00","+00:00:00","","","","+00:00:00"
"Africa/Dar_es_Salaam","EAT","East Africa Time","","","+03:00:00","+00:00:00","","","","+00:00:00"
"Africa/Djibouti","EAT","East Africa Time","","","+03:00:00","+00:00:00","","","","+00:00:00"
"Africa/Douala","WAT","West Africa Time","","","+01:00:00","+00:00:00","","","","+00:00:00"
"Africa/El_Aaiun","WET","Western European Time","","","+00:00:00","+00:00:00","","","","+00:00:00"
"Africa/Freetown","GMT","Greenwich Mean Time","","","+00:00:00","+00:00:00","","","","+00:00:00"
"Africa/Gaborone","CAT","Central Africa Time","","","+02:00:00","+00:00:00","","","","+00:00:00"
"Africa/Harare","CAT","Central Africa Time","","","+02:00:00","+00:00:00","","","","+00:00:00"
"Africa/Johannesburg","SAST","South African Standard Time","","","+02:00:00","+00:00:00","","","","+00:00:00"
"Africa/Juba","EAT","East Africa Time","","",+03:00:00,+00:00:00,"","","","+00:00:00"
"Africa/Kampala","EAT","East Africa Time","","","+03:00:00","+00:00:00","","","","+00:00:00"
"Africa/Khartoum","EAT","East Africa Time","","","+03:00:00","+00:00:00","","","","+00:00:00"
"Africa/Kigali","CAT","Central Africa Time","","","+02:00:00","+00:00:00","","","","+00:00:00"
"Africa/Kinshasa","WAT","West Africa Time","","","+01:00:00","+00:00:00","","","","+00:00:00"
"Africa/Lagos","WAT","West Africa Time","","","+01:00:00","+00:00:00","","","","+00:00:00"
"Africa/Libreville","WAT","West Africa Time","","","+01:00:00","+00:00:00","","","","+00:00:00"
"Africa/Lome","GMT","Greenwich Mean Time","","","+00:00:00","+00:00:00","","","","+00:00:00"
"Africa/Luanda","WAT","West Africa Time","","","+01:00:00","+00:00:00","","","","+00:00:00"
"Africa/Lubumbashi","CAT","Central Africa Time","","","+02:00:00","+00:00:00","","","","+00:00:00"
"Africa/Lusaka","CAT","Central Africa Time","","","+02:00:00","+00:00:00","","","","+00:00:00"
"Africa/Malabo","WAT","West Africa Time","","","+01:00:00","+00:00:00","","","","+00:00:00"
"Africa/Maputo","CAT","Central Africa Time","","","+02:00:00","+00:00:00","","","","+00:00:00"
"Africa/Maseru","SAST","South African Standard Time","","","+02:00:00","+00:00:00","","","","+00:00:00"
"Africa/Mbabane","SAST","South African Standard Time","","","+02:00:00","+00:00:00","","","","+00:00:00"
"Africa/Mogadishu","EAT","East Africa Time","","","+03:00:00","+00:00:00","","","","+00:00:00"
"Africa/Monrovia","GMT","Greenwich Mean Time","","","+00:00:00","+00:00:00","","","","+00:00:00"
"Africa/Nairobi","EAT","East Africa Time","","","+03:00:00","+00:00:00","","","","+00:00:00"
"Africa/Ndjamena","WAT","West Africa Time","","","+01:00:00","+00:00:00","","","","+00:00:00"
"Africa/Niamey","WAT","West Africa Time","","","+01:00:00","+00:00:00","","","","+00:00:00"
"Africa/Nouakchott","GMT","Greenwich Mean Time","","","+00:00:00","+00:00:00","","","","+00:00:00"
"Africa/Ouagadougou","GMT","Greenwich Mean Time","","","+00:00:00","+00:00:00","","","","+00:00:00"
"Africa/Porto-Novo","WAT","West Africa Time","","","+01:00:00","+00:00:00","","","","+00:00:00"
"Africa/Sao_Tome","GMT","Greenwich Mean Time","","","+00:00:00","+00:00:00","","","","+00:00:00"
"Africa/Timbuktu","GMT","Greenwich Mean Time","","","+00:00:00","+00:00:00","","","","+00:00:00"
"Africa/Tripoli","EET","Eastern European Time","","","+02:00:00","+00:00:00","","","","+00:00:00"
"Africa/Tunis","CET","Central European Time","","","+01:00:00","+00:00:00","","","","+00:00:00"
"Africa/Windhoek","WAT","West Africa Time","WAST","West Africa Summer Time","+01:00:00","+01:00:00","1;0;9","+02:00:00","1;0;4","+02:00:00"
"America/Adak","HAST","Hawaii-Aleutian Standard Time","HADT","Hawaii-Aleutian Daylight Time","-10:00:00","+01:00:00","2;0;3","+02:00:00","1;0;11","+02:00:00"
"America/Anchorage","AKST","Alaska Standard Time","AKDT","Alaska Daylight Time","-09:00:00","+01:00:00","2;0;3","+02:00:00","1;0;11","+02:00:00"
"America/Anguilla","AST","Atlantic Standard Time","","","-04:00:00","+00:00:00","","","","+00:00:00"
"America/Antigua","AST","Atlantic Standard Time","","","-04:00:00","+00:00:00","","","","+00:00:00"
"America/Araguaina","BRT","Brasilia Time","BRST","Brasilia Summer Time","-03:00:00","+01:00:00","2;0;10","+00:00:00","3;0;2","+00:00:00"
"America/Argentina/Buenos_Aires","ART","Argentina Time","","","-03:00:00","+00:00:00","","","","+00:00:00"
"America/Argentina/Catamarca","ART","Argentina Time","","","-03:00:00","+00:00:00","","","","+00:00:00"
"America/Argentina/Cordoba","ART","Argentina Time","","","-03:00:00","+00:00:00","","","","+00:00:00"
"America/Argentina/Jujuy","ART","Argentina Time","","","-03:00:00","+00:00:00","","","","+00:00:00"
"America/Argentina/La_Rioja","ART","Argentina Time","","","-03:00:00","+00:00:00","","","","+00:00:00"
"America/Argentina/Mendoza","ART","Argentina Time","","","-03:00:00","+00:00:00","","","","+00:00:00"
"America/Argentina/Rio_Gallegos","ART","Argentina Time","","","-03:00:00","+00:00:00","","","","+00:00:00"
"America/Argentina/Salta","ART","Argentina Time","","","-03:00:00","+00:00:00","","","","+00:00:00"
"America/Argentina/San_Juan","ART","Argentina Time","","","-03:00:00","+00:00:00","","","","+00:00:00"
"America/Argentina/San_Luis","ART","Argentina Time","","","-03:00:00","+00:00:00","","","","+00:00:00"
"America/Argentina/Tucuman","ART","Argentina Time","","","-03:00:00","+00:00:00","","","","+00:00:00"
"America/Argentina/Ushuaia","ART","Argentina Time","","","-03:00:00","+00:00:00","","","","+00:00:00"
"America/Aruba","AST","Atlantic Standard Time","","","-04:00:00","+00:00:00","","","","+00:00:00"
"America/Asuncion","PYT","Paraguay Time","PYST","Paraguay Summer Time","-04:00:00","+01:00:00","1;0;10","+00:00:00","1;0;3","+00:00:00"
"America/Atikokan","EST","Eastern Standard Time","","","-05:00:00","+00:00:00","","","","+00:00:00"
"America/Bahia","BRT","Brasilia Time","","","-03:00:00","+00:00:00","","","","+00:00:00"
"America/Bahia_Banderas","CST","Central Standard Time","CDT","Central Daylight Time","-06:00:00","+01:00:00","2;0;3","+02:00:00","1;0;11","+02:00:00"
"America/Barbados","AST","Atlantic Standard Time","","","-04:00:00","+00:00:00","","","","+00:00:00"
"America/Belem","BRT","Brasilia Time","","","-03:00:00","+00:00:00","","","","+00:00:00"
"America/Belize","CST","Central Standard Time","","","-06:00:00","+00:00:00","","","","+00:00:00"
"America/Blanc-Sablon","AST","Atlantic Standard Time","","","-04:00:00","+00:00:00","","","","+00:00:00"
"America/Boa_Vista","AMT","Amazon Time","","","-04:00:00","+00:00:00","","","","+00:00:00"
"America/Bogota","COT","Colombia Time","","","-05:00:00","+00:00:00","","","","+00:00:00"
"America/Boise","MST","Mountain Standard Time","MDT","Mountain Daylight Time","-07:00:00","+01:00:00","2;0;3","+02:00:00","1;0;11","+02:00:00"
"America/Buenos_Aires","ART","Argentina Time","","","-03:00:00","+00:00:00","","","","+00:00:00"
"America/Cambridge_Bay","MST","Mountain Standard Time","MDT","Mountain Daylight Time","-07:00:00","+01:00:00","2;0;3","+02:00:00","1;0;11","+02:00:00"
"America/Campo_Grande","AMT","Amazon Time","","","-04:00:00","+00:00:00","","","","+00:00:00"
"America/Cancun","CST","Central Standard Time","CDT","Central Daylight Time","-06:00:00","+01:00:00","1;0;4","+02:00:00","-1;0;10","+02:00:00"
"America/Caracas","VET","Venezuelan Standard Time","","","-04:00:00","+00:00:00","","","","+00:00:00"
"America/Catamarca","ART","Argentina Time","","","-03:00:00","+00:00:00","","","","+00:00:00"
"America/Cayenne","GFT","French Guiana Time","","","-03:00:00","+00:00:00","","","","+00:00:00"
"America/Cayman","EST","Eastern Standard Time","","","-05:00:00","+00:00:00","","","","+00:00:00"
"America/Chicago","CST","Central Standard Time","CDT","Central Daylight Time","-06:00:00","+01:00:00","2;0;3","+02:00:00","1;0;11","+02:00:00"
"America/Chihuahua","MST","Mountain Standard Time","MDT","Mountain Daylight Time","-07:00:00","+01:00:00","1;0;4","+02:00:00","-1;0;10","+02:00:00"
"America/Ciudad_Juarez","MST","Mountain Standard Time","MDT","Mountain Daylight Time","-07:00:00","+01:00:00","2;0;3","+02:00:00","1;0;11","+02:00:00"
"America/Cordoba","ART","Argentina Time","","","-03:00:00","+00:00:00","","","","+00:00:00"
"America/Costa_Rica","CST","Central Standard Time","","","-06:00:00","+00:00:00","","","","+00:00:00"
"America/Creston","MST","Mountain Standard Time","","","-07:00:00","+00:00:00","","","","+00:00:00"
"America/Cuiaba","AMT","Amazon Time","AMST","AMST","-04:00:00","+01:00:00","2;0;10","+00:00:00","3;0;2","+00:00:00"
"America/Curacao","AST","Atlantic Standard Time","","","-04:00:00","+00:00:00","","","","+00:00:00"
"America/Danmarkshavn","GMT","Greenwich Mean Time","","","+00:00:00","+00:00:00","","","","+00:00:00"
"America/Dawson","PST","Pacific Standard Time","PDT","Pacific Daylight Time","-08:00:00","+01:00:00","2;0;3","+02:00:00","1;0;11","+02:00:00"
"America/Dawson_Creek","MST","Mountain Standard Time","","","-07:00:00","+00:00:00","","","","+00:00:00"
"America/Denver","MST","Mountain Standard Time","MDT","Mountain Daylight Time","-07:00:00","+01:00:00","2;0;3","+02:00:00","1;0;11","+02:00:00"
"America/Detroit","EST","Eastern Standard Time","EDT","Eastern Daylight Time","-05:00:00","+01:00:00","2;0;3","+02:00:00","1;0;11","+02:00:00"
"America/Dominica","AST","Atlantic Standard Time","","","-04:00:00","+00:00:00","","","","+00:00:00"
"America/Edmonton","MST","Mountain Standard Time","MDT","Mountain Daylight Time","-07:00:00","+01:00:00","2;0;3","+02:00:00","1;0;11","+02:00:00"
"America/Eirunepe","ACT","Acre Time","","","-05:00:00","+00:00:00","","","","+00:00:00"
"America/El_Salvador","CST","Central Standard Time","","","-06:00:00","+00:00:00","","","","+00:00:00"
"America/Fort_Nelson","MST","Mountain Standard Time","","","-07:00:00","+00:00:00","","","","+00:00:00"
"America/Fortaleza","BRT","Brasilia Time","BRST","Brasilia Summer Time","-03:00:00","+01:00:00","2;0;10","+00:00:00","3;0;2","+00:00:00"
"America/Glace_Bay","AST","Atlantic Standard Time","ADT","Atlantic Daylight Time","-04:00:00","+01:00:00","2;0;3","+02:00:00","1;0;11","+02:00:00"
"America/Godthab","WGT","West Greenland Time","WGST","West Greenland Summer Time","-03:00:00","+01:00:00","-1;6;3","+22:00:00","-1;6;10","+23:00:00"
"America/Goose_Bay","AST","Atlantic Standard Time","ADT","Atlantic Daylight Time","-04:00:00","+01:00:00","1;0;4","+00:01:00","-1;0;10","+00:01:00"
"America/Grand_Turk","EST","Eastern Standard Time","EDT","Eastern Daylight Time","-05:00:00","+01:00:00","1;0;4","+00:00:00","-1;0;10","+00:00:00"
"America/Grenada","AST","Atlantic Standard Time","","","-04:00:00","+00:00:00","","","","+00:00:00"
"America/Guadeloupe","AST","Atlantic Standard Time","","","-04:00:00","+00:00:00","","","","+00:00:00"
"America/Guatemala","CST","Central Standard Time","","","-06:00:00","+00:00:00","","","","+00:00:00"
"America/Guayaquil","ECT","Ecuador Time","","","-05:00:00","+00:00:00","","","","+00:00:00"
"America/Guyana","GYT","Guyana Time","","","-04:00:00","+00:00:00","","","","+00:00:00"
"America/Halifax","AST","Atlantic Standard Time","ADT","Atlantic Daylight Time","-04:00:00","+01:00:00","2;0;3","+02:00:00","1;0;11","+02:00:00"
"America/Havana","CST","Central Standard Time","CDT","Central Daylight Time","-05:00:00","+01:00:00","1;0;4","+00:00:00","-1;0;10","+01:00:00"
"America/Hermosillo","MST","Mountain Standard Time","","","-07:00:00","+00:00:00","","","","+00:00:00"
"America/Indiana/Indianapolis","EST","Eastern Standard Time","","","-05:00:00","+00:00:00","2;0;3","","1;0;11","+00:00:00"
"America/Indiana/Knox","EST","Eastern Standard Time","","","-05:00:00","+00:00:00","2;0;3","","1;0;11","+00:00:00"
"America/Indiana/Marengo","EST","Eastern Standard Time","","","-05:00:00","+00:00:00","2;0;3","","1;0;11","+00:00:00"
"America/Indiana/Petersburg","EST","Eastern Standard Time","EDT","Eastern Daylight Time","-05:00:00","+01:00:00","2;0;3","+02:00:00","1;0;11","+02:00:00"
"America/Indiana/Tell_City","CST","Central Standard Time","CDT","Central Daylight Time","-06:00:00","+01:00:00","2;0;3","+02:00:00","1;0;11","+02:00:00"
"America/Indiana/Vevay","EST","Eastern Standard Time","","","-05:00:00","+00:00:00","2;0;3","","1;0;11","+00:00:00"
"America/Indiana/Vincennes","EST","Eastern Standard Time","EDT","Eastern Daylight Time","-05:00:00","+01:00:00","2;0;3","+02:00:00","1;0;11","+02:00:00"
"America/Indiana/Winamac","EST","Eastern Standard Time","EDT","Eastern Daylight Time","-05:00:00","+01:00:00","2;0;3","+02:00:00","1;0;11","+02:00:00"
"America/Indianapolis","EST","Eastern Standard Time","","","-05:00:00","+00:00:00","2;0;3","","1;0;11","+00:00:00"
"America/Inuvik","MST","Mountain Standard Time","MDT","Mountain Daylight Time","-07:00:00","+01:00:00","2;0;3","+02:00:00","1;0;11","+02:00:00"
"America/Iqaluit","EST","Eastern Standard Time","EDT","Eastern Daylight Time","-05:00:00","+01:00:00","2;0;3","+02:00:00","1;0;11","+02:00:00"
"America/Jamaica","EST","Eastern Standard Time","","","-05:00:00","+00:00:00","","","","+00:00:00"
"America/Jujuy","ART","Argentina Time","","","-03:00:00","+00:00:00","","","","+00:00:00"
"America/Juneau","AKST","Alaska Standard Time","AKDT","Alaska Daylight Time","-09:00:00","+01:00:00","2;0;3","+02:00:00","1;0;11","+02:00:00"
"America/Kentucky/Louisville","EST","Eastern Standard Time","EDT","Eastern Daylight Time","-05:00:00","+01:00:00","2;0;3","+02:00:00","1;0;11","+02:00:00"
"America/Kentucky/Monticello","EST","Eastern Standard Time","EDT","Eastern Daylight Time","-05:00:00","+01:00:00","2;0;3","+02:00:00","1;0;11","+02:00:00"
"America/Kralendijk","AST","Atlantic Standard Time","","","-04:00:00","+00:00:00","","","","+00:00:00"
"America/La_Paz","BOT","Bolivia Time","","","-04:00:00","+00:00:00","","","","+00:00:00"
"America/Lima","PET","Peru Time","","","-05:00:00","+00:00:00","","","","+00:00:00"
"America/Los_Angeles","PST","Pacific Standard Time","PDT","Pacific Daylight Time","-08:00:00","+01:00:00","2;0;3","+02:00:00","1;0;11","+02:00:00"
"America/Louisville","EST","Eastern Standard Time","EDT","Eastern Daylight Time","-05:00:00","+01:00:00","2;0;3","+02:00:00","1;0;11","+02:00:00"
"America/Lower_Princes","AST","Atlantic Standard Time","","","-04:00:00","+00:00:00","","","","+00:00:00"
"America/Maceio","BRT","Brasilia Time","BRST","Brasilia Summer Time","-03:00:00","+01:00:00","2;0;10","+00:00:00","3;0;2","+00:00:00"
"America/Managua","CST","Central Standard Time","","","-06:00:00","+00:00:00","","","","+00:00:00"
"America/Manaus","AMT","Amazon Time","","","-04:00:00","+00:00:00","","","","+00:00:00"
"America/Marigot","AST","Atlantic Standard Time","","","-04:00:00","+00:00:00","","","","+00:00:00"
"America/Martinique","AST","Atlantic Standard Time","","","-04:00:00","+00:00:00","","","","+00:00:00"
"America/Matamoros","CST","Central Standard Time","CDT","Central Daylight Time","-06:00:00","+01:00:00","2;0;3","+02:00:00","1;0;11","+02:00:00"
"America/Mazatlan","MST","Mountain Standard Time","MDT","Mountain Daylight Time","-07:00:00","+01:00:00","1;0;4","+02:00:00","-1;0;10","+02:00:00"
"America/Mendoza","ART","Argentina Time","","","-03:00:00","+00:00:00","","","","+00:00:00"
"America/Menominee","CST","Central Standard Time","CDT","Central Daylight Time","-06:00:00","+01:00:00","2;0;3","+02:00:00","1;0;11","+02:00:00"
"America/Merida","CST","Central Standard Time","CDT","Central Daylight Time","-06:00:00","+01:00:00","1;0;4","+02:00:00","-1;0;10","+02:00:00"
"America/Metlakatla","AKST","Alaska Standard Time","AKDT","Alaska Daylight Time","-09:00:00","+01:00:00","2;0;3","+02:00:00","1;0;11","+02:00:00"
"America/Mexico_City","CST","Central Standard Time","CDT","Central Daylight Time","-06:00:00","+01:00:00","1;0;4","+02:00:00","-1;0;10","+02:00:00"
"America/Miquelon","PMST","Pierre & Miquelon Standard Time","PMDT","Pierre & Miquelon Daylight Time","-03:00:00","+01:00:00","2;0;3","+02:00:00","1;0;11","+02:00:00"
"America/Moncton","AST","Atlantic Standard Time","ADT","Atlantic Daylight Time","-04:00:00","+01:00:00","2;0;3","+02:00:00","1;0;11","+02:00:00"
"America/Monterrey","CST","Central Standard Time","CDT","Central Daylight Time","-06:00:00","+01:00:00","1;0;4","+02:00:00","-1;0;10","+02:00:00"
"America/Montevideo","UYT","Uruguay Standard Time","","","-03:00:00","+00:00:00","","","","+00:00:00"
"America/Montreal","EST","Eastern Standard Time","EDT","Eastern Daylight Time","-05:00:00","+01:00:00","2;0;3","+02:00:00","1;0;11","+02:00:00"
"America/Montserrat","AST","Atlantic Standard Time","","","-04:00:00","+00:00:00","","","","+00:00:00"
"America/Nassau","EST","Eastern Standard Time","EDT","Eastern Daylight Time","-05:00:00","+01:00:00","1;0;4","+02:00:00","-1;0;10","+02:00:00"
"America/New_York","EST","Eastern Standard Time","EDT","Eastern Daylight Time","-05:00:00","+01:00:00","2;0;3","+02:00:00","1;0;11","+02:00:00"
"America/Nipigon","EST","Eastern Standard Time","EDT","Eastern Daylight Time","-05:00:00","+01:00:00","2;0;3","+02:00:00","1;0;11","+02:00:00"
"America/Nome","AKST","Alaska Standard Time","AKDT","Alaska Daylight Time","-09:00:00","+01:00:00","2;0;3","+02:00:00","1;0;11","+02:00:00"
"America/Noronha","FNT","Fernando de Noronha Time","","","-02:00:00","+00:00:00","","","","+00:00:00"
"America/North_Dakota/Beulah","CST","Central Standard Time","CDT","Central Daylight Time","-06:00:00","+01:00:00","2;0;3","+02:00:00","1;0;11","+02:00:00"
"America/North_Dakota/Center","CST","Central Standard Time","CDT","Central Daylight Time","-06:00:00","+01:00:00","2;0;3","+02:00:00","1;0;11","+02:00:00"
"America/North_Dakota/New_Salem","CST","Central Standard Time","CDT","Central Daylight Time","-06:00:00","+01:00:00","2;0;3","+02:00:00","1;0;11","+02:00:00"
"America/Nuuk","WGT","West Greenland Time","WGST","West Greenland Summer Time","-03:00:00","+01:00:00","4;0;3","22:00:00","4;0;10","23:00:00"
"America/Ojinaga","MST","Mountain Standard Time","MDT","Mountain Daylight Time","-07:00:00","+01:00:00","2;0;3","+02:00:00","1;0;11","+02:00:00"
"America/Panama","EST","Eastern Standard Time","","","-05:00:00","+00:00:00","","","","+00:00:00"
"America/Pangnirtung","EST","Eastern Standard Time","EDT","Eastern Daylight Time","-05:00:00","+01:00:00","2;0;3","+02:00:00","1;0;11","+02:00:00"
"America/Paramaribo","SRT","Suriname Time","","","-03:00:00","+00:00:00","","","","+00:00:00"
"America/Phoenix","MST","Mountain Standard Time","","","-07:00:00","+00:00:00","","","","+00:00:00"
"America/Port-au-Prince","EST","Eastern Standard Time","","","-05:00:00","+00:00:00","","","","+00:00:00"
"America/Port_of_Spain","AST","Atlantic Standard Time","","","-04:00:00","+00:00:00","","","","+00:00:00"
"America/Porto_Velho","AMT","Amazon Time","","","-04:00:00","+00:00:00","","","","+00:00:00"
"America/Puerto_Rico","AST","Atlantic Standard Time","","","-04:00:00","+00:00:00","","","","+00:00:00"
"America/Punta_Arenas","CLT","Chile Standard Time","CLST","Chile Summer Time","-03:00:00","+01:00:00","2;0;8","24:00:00","2;0;5","24:00:00"
"America/Rainy_River","CST","Central Standard Time","CDT","Central Daylight Time","-06:00:00","+01:00:00","2;0;3","+02:00:00","1;0;11","+02:00:00"
"America/Rankin_Inlet","CST","Central Standard Time","CDT","Central Daylight Time","-06:00:00","+01:00:00","2;0;3","+02:00:00","1;0;11","+02:00:00"
"America/Recife","BRT","Brasilia Time","BRST","Brasilia Summer Time","-03:00:00","+01:00:00","2;0;10","+00:00:00","3;0;2","+00:00:00"
"America/Regina","CST","Central Standard Time","","","-06:00:00","+00:00:00","","","","+00:00:00"
"America/Resolute","CST","Central Standard Time","CDT","Central Daylight Time","-06:00:00","+01:00:00","2;0;3","+02:00:00","1;0;11","+02:00:00"
"America/Rio_Branco","ACT","Acre Time","","","-05:00:00","+00:00:00","","","","+00:00:00"
"America/Rosario","ART","Argentina Time","","","-03:00:00","+00:00:00","","","","+00:00:00"
"America/Santarem","BRT","Brasilia Time","","","-03:00:00","+00:00:00","","","","+00:00:00"
"America/Santiago","CLT","Chile Standard Time","CLST","Chile Summer Time","-04:00:00","+01:00:00","2;0;10","+00:00:00","2;0;3","+00:00:00"
"America/Santo_Domingo","AST","Atlantic Standard Time","","","-04:00:00","+00:00:00","","","","+00:00:00"
"America/Sao_Paulo","BRT","Brasilia Time","BRST","Brasilia Summer Time","-03:00:00","+01:00:00","2;0;10","+00:00:00","3;0;2","+00:00:00"
"America/Scoresbysund","EGT","Eastern Greenland Time","EGST","Eastern Greenland Summer Time","-01:00:00","+01:00:00","-1;0;3","+00:00:00","-1;0;10","+01:00:00"
"America/Shiprock","MST","Mountain Standard Time","MDT","Mountain Daylight Time","-07:00:00","+01:00:00","2;0;3","+02:00:00","1;0;11","+02:00:00"
"America/Sitka","AKST","Alaska Standard Time","AKDT","Alaska Daylight Time","-09:00:00","+01:00:00","2;0;3","+02:00:00","1;0;11","+02:00:00"
"America/St_Barthelemy","AST","Atlantic Standard Time","","","-04:00:00","+00:00:00","","","","+00:00:00"
"America/St_Johns","NST","Newfoundland Standard Time","NDT","Newfoundland Daylight Time","-03:30:00","+01:00:00","1;0;4","+00:01:00","-1;0;10","+00:01:00"
"America/St_Kitts","AST","Atlantic Standard Time","","","-04:00:00","+00:00:00","","","","+00:00:00"
"America/St_Lucia","AST","Atlantic Standard Time","","","-04:00:00","+00:00:00","","","","+00:00:00"
"America/St_Thomas","AST","Atlantic Standard Time","","","-04:00:00","+00:00:00","","","","+00:00:00"
"America/St_Vincent","AST","Atlantic Standard Time","","","-04:00:00","+00:00:00","","","","+00:00:00"
"America/Swift_Current","CST","Central Standard Time","","","-06:00:00","+00:00:00","","","","+00:00:00"
"America/Tegucigalpa","CST","Central Standard Time","","","-06:00:00","+00:00:00","","","","+00:00:00"
"America/Thule","AST","Atlantic Standard Time","","","-04:00:00","+00:00:00","2;0;3","","1;0;11","+00:00:00"
"America/Thunder_Bay","EST","Eastern Standard Time","EDT","Eastern Daylight Time","-05:00:00","+01:00:00","2;0;3","+02:00:00","1;0;11","+02:00:00"
"America/Tijuana","PST","Pacific Standard Time","PDT","Pacific Daylight Time","-08:00:00","+01:00:00","1;0;4","+02:00:00","-1;0;10","+02:00:00"
"America/Toronto","EST","Eastern Standard Time","EDT","Eastern Daylight Time","-05:00:00","+01:00:00","2;0;3","+02:00:00","1;0;11","+02:00:00"
"America/Tortola","AST","Atlantic Standard Time","","","-04:00:00","+00:00:00","","","","+00:00:00"
"America/Vancouver","PST","Pacific Standard Time","PDT","Pacific Daylight Time","-08:00:00","+01:00:00","2;0;3","+02:00:00","1;0;11","+02:00:00"
"America/Whitehorse","PST","Pacific Standard Time","PDT","Pacific Daylight Time","-08:00:00","+01:00:00","2;0;3","+02:00:00","1;0;11","+02:00:00"
"America/Winnipeg","CST","Central Standard Time","CDT","Central Daylight Time","-06:00:00","+01:00:00","2;0;3","+02:00:00","1;0;11","+03:00:00"
"America/Yakutat","AKST","Alaska Standard Time","AKDT","Alaska Daylight Time","-09:00:00","+01:00:00","2;0;3","+02:00:00","1;0;11","+02:00:00"
"America/Yellowknife","MST","Mountain Standard Time","MDT","Mountain Daylight Time","-07:00:00","+01:00:00","2;0;3","+02:00:00","1;0;11","+02:00:00"
"Antarctica/Casey","AWST","Australian Western Standard Time","","","+08:00:00","+00:00:00","","","","+00:00:00"
"Antarctica/Davis","DAVT","Davis Time","","","+07:00:00","+00:00:00","","","","+00:00:00"
"Antarctica/DumontDUrville","DDUT","Dumont d'Urville Time","","","+10:00:00","+00:00:00","","","","+00:00:00"
"Antarctica/Macquarie","MIST","Macquarie Island Station Time","","","+11:00:00","+00:00:00","","","","+00:00:00"
"Antarctica/Mawson","MAWT","Mawson Time","","","+06:00:00","+00:00:00","","","","+00:00:00"
"Antarctica/McMurdo","NZST","New Zealand Standard Time","NZDT","New Zealand Daylight Time","+12:00:00","+01:00:00","1;0;10","+02:00:00","3;0;3","+03:00:00"
"Antarctica/Palmer","CLT","Chile Standard Time","CLST","Chile Summer Time","-04:00:00","+01:00:00","2;0;10","+00:00:00","2;0;3","+00:00:00"
"Antarctica/Rothera","ROTT","Rothera Time","","","-03:00:00","+00:00:00","","","","+00:00:00"
"Antarctica/South_Pole","NZST","New Zealand Standard Time","NZDT","New Zealand Daylight Time","+12:00:00","+01:00:00","1;0;10","+02:00:00","3;0;3","+03:00:00"
"Antarctica/Syowa","SYOT","Syowa Time","","","+03:00:00","+00:00:00","","","","+00:00:00"
"Antarctica/Troll","TROT","Troll Time","","","+02:00:00","+00:00:00","3;0;3","+01:00:00","1;0;10","+03:00:00"
"Antarctica/Vostok","VOST","Vostok Time","","","+06:00:00","+00:00:00","","","","+00:00:00"
"Arctic/Longyearbyen","CET","Central European Time","CEST","Central European Summer Time","+01:00:00","+01:00:00","-1;0;3","+02:00:00","-1;0;10","+03:00:00"
"Asia/Aden","AST","Arabia Standard Time","","","+03:00:00","+00:00:00","","","","+00:00:00"
"Asia/Almaty","ALMT","Almaty Time","ALMST","Almaty Summer Time","+06:00:00","+01:00:00","-1;0;3","+00:00:00","-1;0;10","+00:00:00"
"Asia/Amman","EET","Eastern European Time","EEST","Eastern European Summer Time","+02:00:00","+01:00:00","-1;4;3","+00:00:00","-1;4;9","+01:00:00"
"Asia/Anadyr","ANAT","Anadyr Time","ANAST","Anadyr Summer Time","+12:00:00","+01:00:00","-1;0;3","+02:00:00","-1;0;10","+03:00:00"
"Asia/Aqtau","AQTT","Aqtau Time","AQTST","Aqtau Summer Time","+04:00:00","+01:00:00","-1;0;3","+00:00:00","-1;0;10","+00:00:00"
"Asia/Aqtobe","AQTT","Aqtobe Time","AQTST","Aqtobe Summer Time","+05:00:00","+01:00:00","-1;0;3","+00:00:00","-1;0;10","+00:00:00"
"Asia/Ashgabat","TMT","Turkmenistan Time","","","+05:00:00","+00:00:00","","","","+00:00:00"
"Asia/Atyrau","+05","Atyrau Time","","","+05:00:00","+00:00:00","","","","+00:00:00"
"Asia/Baghdad","AST","Arabia Standard Time","","","+03:00:00","+00:00:00","","","","+00:00:00"
"Asia/Bahrain","AST","Arabia Standard Time","","","+03:00:00","+00:00:00","","","","+00:00:00"
"Asia/Baku","AZT","Azerbaijan Time","AZST","Azerbaijan Summer Time","+04:00:00","+01:00:00","-1;0;3","+01:00:00","-1;0;10","+01:00:00"
"Asia/Bangkok","ICT","Indochina Time","","","+07:00:00","+00:00:00","","","","+00:00:00"
"Asia/Barnaul","+07","Barnaul Time","","","+07:00:00","+00:00:00","","","","+00:00:00"
"Asia/Beirut","EET","Eastern European Time","EEST","Eastern European Summer Time","+02:00:00","+01:00:00","-1;0;3","+00:00:00","-1;0;10","+00:00:00"
"Asia/Bishkek","KGT","Kyrgyzstan Time","KGST","Kyrgyzstan Summer Time","+05:00:00","+01:00:00","-1;0;3","+02:30:00","-1;0;10","+02:30:00"
"Asia/Brunei","BNT","Brunei Time","","","+08:00:00","+00:00:00","","","","+00:00:00"
"Asia/Kolkata","IST","Indian Standard Time","","","+05:30:00","+00:00:00","","","","+00:00:00"
"Asia/Chita","+09","Chita Time","","","+09:00:00","+00:00:00","","","","+00:00:00"
"Asia/Choibalsan","CHOT","Choibalsan Time","","","+09:00:00","+00:00:00","","","","+00:00:00"
"Asia/Chongqing","CST","China Standard Time","","","+08:00:00","+00:00:00","","","","+00:00:00"
"Asia/Colombo","IST","India Standard Time","","","+05:30:00","+00:00:00","","","","+00:00:00"
"Asia/Damascus","EET","Eastern European Time","EEST","Eastern European Summer Time","+02:00:00","+01:00:00","1;0;4","+00:00:00","1;0;10","+00:00:00"
"Asia/Dhaka","BDT","Bangladesh Time","","","+06:00:00","+00:00:00","","","","+00:00:00"
"Asia/Dili","TPT","Timor Leste Time","","","+09:00:00","+00:00:00","","","","+00:00:00"
"Asia/Dubai","GST","Gulf Standard Time","","","+04:00:00","+00:00:00","","","","+00:00:00"
"Asia/Dushanbe","TJT","Tajikistan Time","","","+05:00:00","+00:00:00","","","","+00:00:00"
"Asia/Famagusta","EET","Eastern European Time","EEST","Eastern European Summer Time","+02:00:00","+01:00:00","3;0;3","+01:00:00","3;0;10","+01:00:00"
"Asia/Gaza","EET","Eastern European Time","EEST","Eastern European Summer Time","+02:00:00","+01:00:00","3;5;4","+00:00:00","3;5;10","+00:00:00"
"Asia/Harbin","CST","China Standard Time","","","+08:00:00","+00:00:00","","","","+00:00:00"
"Asia/Hebron","EET","Eastern European Time","EEST","Eastern European Summer Time","+02:00:00","+01:00:00","3;0;3","+01:00:00","3;0;10","+01:00:00"
"Asia/Ho_Chi_Minh","ICT","Indochina Time","","","+07:00:00","+00:00:00","","","","+00:00:00"
"Asia/Hong_Kong","HKT","Hong Kong Time","","","+08:00:00","+00:00:00","","","","+00:00:00"
"Asia/Hovd","HOVT","Hovd Time","","","+07:00:00","+00:00:00","","","","+00:00:00"
"Asia/Irkutsk","IRKT","Irkutsk Time","IRKST","Irkutsk Summer Time","+08:00:00","+01:00:00","-1;0;3","+02:00:00","-1;0;10","+03:00:00"
"Asia/Istanbul","TRT","Turkey Time","","","+03:00:00","+00:00:00","","","","+00:00:00"
"Asia/Jakarta","WIB","Western Indonesia Time","","","+07:00:00","+00:00:00","","","","+00:00:00"
"Asia/Jayapura","WIT","Eastern Indonesia Time","","","+09:00:00","+00:00:00","","","","+00:00:00"
"Asia/Jerusalem","IST","Israel Standard Time","IDT","Israel Daylight Time","+02:00:00","+01:00:00","1;0;4","+01:00:00","1;0;10","+01:00:00"
"Asia/Kabul","AFT","Afghanistan Time","","","+04:30:00","+00:00:00","","","","+00:00:00"
"Asia/Kamchatka","PETT","Petropavlovsk-Kamchatski Time","PETST","Petropavlovsk-Kamchatski Summer Time","+12:00:00","+01:00:00","-1;0;3","+02:00:00","-1;0;10","+03:00:00"
"Asia/Karachi","PKT","Pakistan Standard Time","","","+05:00:00","+00:00:00","","","","+00:00:00"
"Asia/Kashgar","CST","China Standard Time","","","+08:00:00","+00:00:00","","","","+00:00:00"
"Asia/Kathmandu","NPT","Nepal Time","","","+05:45:00","+00:00:00","","","","+00:00:00"
"Asia/Katmandu","NPT","Nepal Time","","","+05:45:00","+00:00:00","","","","+00:00:00"
"Asia/Khandyga","YAKT","Yakutsk Time","","","+09:00:00","+00:00:00","","","","+00:00:00"
"Asia/Kolkata","IST","Indian Standard Time","","","+05:30:00","+00:00:00","","","","+00:00:00"
"Asia/Krasnoyarsk","KRAT","Krasnoyarsk Time","KRAST","Krasnoyarsk Summer Time","+07:00:00","+01:00:00","-1;0;3","+02:00:00","-1;0;10","+03:00:00"
"Asia/Kuala_Lumpur","MYT","Malaysia Time","","","+08:00:00","+00:00:00","","","","+00:00:00"
"Asia/Kuching","MYT","Malaysia Time","","","+08:00:00","+00:00:00","","","","+00:00:00"
"Asia/Kuwait","AST","Arabia Standard Time","","","+03:00:00","+00:00:00","","","","+00:00:00"
"Asia/Macao","CST","China Standard Time","","","+08:00:00","+00:00:00","","","","+00:00:00"
"Asia/Macau","CST","China Standard Time","","","+08:00:00","+00:00:00","","","","+00:00:00"
"Asia/Magadan","MAGT","Magadan Time","MAGST","Magadan Summer Time","+11:00:00","+01:00:00","-1;0;3","+02:00:00","-1;0;10","+03:00:00"
"Asia/Makassar","CIT","Central Indonesia Time","","","+08:00:00","+00:00:00","","","","+00:00:00"
"Asia/Manila","PHT","Philippine Time","","","+08:00:00","+00:00:00","","","","+00:00:00"
"Asia/Muscat","GST","Gulf Standard Time","","","+04:00:00","+00:00:00","","","","+00:00:00"
"Asia/Nicosia","EET","Eastern European Time","EEST","Eastern European Summer Time","+02:00:00","+01:00:00","-1;0;3","+03:00:00","-1;0;10","+04:00:00"
"Asia/Novokuznetsk","KRAT","Krasnoyarsk Standard Time","","","+07:00:00","+00:00:00","","","","+00:00:00"
"Asia/Novosibirsk","NOVT","Novosibirsk Time","NOVST","Novosibirsk Summer Time","+06:00:00","+01:00:00","-1;0;3","+02:00:00","-1;0;10","+03:00:00"
"Asia/Omsk","OMST","Omsk Time","OMSST","Omsk Summer Time","+06:00:00","+01:00:00","-1;0;3","+02:00:00","-1;0;10","+03:00:00"
"Asia/Oral","WST","West Kazakhstan Time","","","+05:00:00","+00:00:00","","","","+00:00:00"
"Asia/Phnom_Penh","ICT","Indochina Time","","","+07:00:00","+00:00:00","","","","+00:00:00"
"Asia/Pontianak","WIT","Western Indonesia Time","","","+07:00:00","+00:00:00","","","","+00:00:00"
"Asia/Pyongyang","KST","Korea Standard Time","","","+09:00:00","+00:00:00","","","","+00:00:00"
"Asia/Qatar","AST","Arabia Standard Time","","","+03:00:00","+00:00:00","","","","+00:00:00"
"Asia/Qostanay","QOST","Qostanay Time","","","+06:00:00","+00:00:00","","","","+00:00:00"
"Asia/Qyzylorda","KST","Kyzylorda Time","","","+06:00:00","+00:00:00","","","","+00:00:00"
"Asia/Rangoon","MMT","Myanmar Time","","","+06:30:00","+00:00:00","","","","+00:00:00"
"Asia/Riyadh","AST","Arabia Standard Time","","","+03:00:00","+00:00:00","","","","+00:00:00"
"Asia/Saigon","ICT","Indochina Time","","","+07:00:00","+00:00:00","","","","+00:00:00"
"Asia/Sakhalin","SAKT","Sakhalin Time","SAKST","Sakhalin Summer Time","+10:00:00","+01:00:00","-1;0;3","+02:00:00","-1;0;10","+03:00:00"
"Asia/Samarkand","UZT","Uzbekistan Time","","","+05:00:00","+00:00:00","","","","+00:00:00"
"Asia/Seoul","KST","Korea Standard Time","","","+09:00:00","+00:00:00","","","","+00:00:00"
"Asia/Shanghai","CST","China Standard Time","","","+08:00:00","+00:00:00","","","","+00:00:00"
"Asia/Singapore","SGT","Singapore Time","","","+08:00:00","+00:00:00","","","","+00:00:00"
"Asia/Srednekolymsk","SRET","Srednekolymsk Time","","","+11:00:00","+00:00:00","","","","+00:00:00"
"Asia/Taipei","CST","China Standard Time","","","+08:00:00","+00:00:00","","","","+00:00:00"
"Asia/Tashkent","UZT","Uzbekistan Time","","","+05:00:00","+00:00:00","","","","+00:00:00"
"Asia/Tbilisi","GET","Georgia Standard Time","GEST","Georgia Summer Time","+04:00:00","+01:00:00","-1;0;3","+00:00:00","-1;0;10","+00:00:00"
"Asia/Tehran","IRT","Iran Time","","","+03:30:00","+00:00:00","","","","+00:00:00"
"Asia/Thimphu","BTT","Bhutan Time","","","+06:00:00","+00:00:00","","","","+00:00:00"
"Asia/Tokyo","JST","Japan Standard Time","","","+09:00:00","+00:00:00","","","","+00:00:00"
"Asia/Tomsk","TOMT","Tomsk Time","","","+07:00:00","+00:00:00","","","","+00:00:00"
"Asia/Ujung_Pandang","CIT","Central Indonesia Time","","","+08:00:00","+00:00:00","","","","+00:00:00"
"Asia/Ulaanbaatar","ULAT","Ulaanbaatar Time","","","+08:00:00","+00:00:00","","","","+00:00:00"
"Asia/Urumqi","CST","China Standard Time","","","+08:00:00","+00:00:00","","","","+00:00:00"
"Asia/Ust-Nera","USAT","Ust-Nera Time","","","+10:00:00","+00:00:00","","","","+00:00:00"
"Asia/Vientiane","ICT","Indochina Time","","","+07:00:00","+00:00:00","","","","+00:00:00"
"Asia/Vladivostok","VLAT","Vladivostok Time","VLAST","Vladivostok Summer Time","+10:00:00","+01:00:00","-1;0;3","+02:00:00","-1;0;10","+03:00:00"
"Asia/Yakutsk","YAKT","Yakutsk Time","YAKST","Yakutsk Summer Time","+09:00:00","+01:00:00","-1;0;3","+02:00:00","-1;0;10","+03:00:00"
"Asia/Yangon","MMT","Myanmar Time","","","+06:30:00","+00:00:00","","","","+00:00:00"
"Asia/Yekaterinburg","YEKT","Yekaterinburg Time","YEKST","Yekaterinburg Summer Time","+05:00:00","+01:00:00","-1;0;3","+02:00:00","-1;0;10","+03:00:00"
"Asia/Yerevan","AMT","Armenia Time","","","+04:00:00","+00:00:00","","","","+00:00:00"
"Atlantic/Azores","AZOT","Azores Standard Time","AZOST","Azores Summer Time","-01:00:00","+01:00:00","-1;0;3","+00:00:00","-1;0;10","+01:00:00"
"Atlantic/Bermuda","AST","Atlantic Standard Time","ADT","Atlantic Daylight Time","-04:00:00","+01:00:00","1;0;4","+02:00:00","-1;0;10","+02:00:00"
"Atlantic/Canary","WET","Western European Time","WEST","Western European Summer Time","+00:00:00","+01:00:00","-1;0;3","+01:00:00","-1;0;10","+02:00:00"
"Atlantic/Cape_Verde","CVT","Cape Verde Time","","","-01:00:00","+00:00:00","","","","+00:00:00"
"Atlantic/Faeroe","WET","Western European Time","WEST","Western European Summer Time","+00:00:00","+01:00:00","-1;0;3","+01:00:00","-1;0;10","+02:00:00"
"Atlantic/Faroe","WET","Western European Time","WEST","Western European Summer Time","+00:00:00","+01:00:00","-1;0;3","+01:00:00","-1;0;10","+01:00:00"
"Atlantic/Jan_Mayen","CET","Central European Time","CEST","Central European Summer Time","+01:00:00","+01:00:00","-1;0;3","+02:00:00","-1;0;10","+03:00:00"
"Atlantic/Madeira","WET","Western European Time","WEST","Western European Summer Time","+00:00:00","+01:00:00","-1;0;3","+01:00:00","-1;0;10","+02:00:00"
"Atlantic/Reykjavik","GMT","Greenwich Mean Time","","","+00:00:00","+00:00:00","","","","+00:00:00"
"Atlantic/South_Georgia","GST","South Georgia Time","","","-02:00:00","+00:00:00","","","","+00:00:00"
"Atlantic/St_Helena","GMT","Greenwich Mean Time","","","+00:00:00","+00:00:00","","","","+00:00:00"
"Atlantic/Stanley","FKT","Falkland Islands Time","Falkland Islands Summer Time","FKST","-04:00:00","+01:00:00","1;0;9","+02:00:00","3;0;4","+02:00:00"
"Australia/Adelaide","ACST","Australian Central Standard Time","ACDT","Australian Central Daylight Time","+09:30:00","+01:00:00","1;0;10","+02:00:00","1;0;3","+03:00:00"
"Australia/Brisbane","AEST","Australian Eastern Standard Time","","","+10:00:00","+00:00:00","","","","+00:00:00"
"Australia/Broken_Hill","ACST","Australian Central Standard Time","ACDT","Australian Central Daylight Time","+09:30:00","+01:00:00","1;0;10","+02:00:00","1;0;3","+03:00:00"
"Australia/Darwin","ACST","Australian Central Standard Time","","","+09:30:00","+00:00:00","","","","+00:00:00"
"Australia/Eucla","ACWST","Australian Central Western Standard Time","","","+08:45:00","+00:00:00","","","","+00:00:00"
"Australia/Hobart","AEST","Australian Eastern Standard Time","AEDT","Australian Eastern Daylight Time","+10:00:00","+01:00:00","1;0;10","+02:00:00","1;0;3","+03:00:00"
"Australia/Lindeman","AEST","Australian Eastern Standard Time","","","+10:00:00","+00:00:00","","","","+00:00:00"
"Australia/Lord_Howe","LHST","Lord Howe Standard Time","LHDT","Lord Howe Daylight Time","+10:30:00","+00:30:00","1;0;10","+02:00:00","1;0;3","+02:00:00"
"Australia/Melbourne","AEST","Australian Eastern Standard Time","AEDT","Australian Eastern Daylight Time","+10:00:00","+01:00:00","1;0;10","+02:00:00","1;0;3","+03:00:00"
"Australia/Perth","AWST","Australian Western Standard Time","","","+08:00:00","+00:00:00","","","","+00:00:00"
"Australia/Sydney","AEST","Australian Eastern Standard Time","AEDT","Australian Eastern Daylight Time","+10:00:00","+01:00:00","1;0;10","+02:00:00","1;0;3","+03:00:00"
"Europe/Amsterdam","CET","Central European Time","CEST","Central European Summer Time","+01:00:00","+01:00:00","-1;0;3","+02:00:00","-1;0;10","+03:00:00"
"Europe/Andorra","CET","Central European Time","CEST","Central European Summer Time","+01:00:00","+01:00:00","-1;0;3","+02:00:00","-1;0;10","+03:00:00"
"Europe/Astrakhan","AST","Astrakhan Standard Time","","","+04:00:00","+00:00:00","","","","+00:00:00"
"Europe/Athens","EET","Eastern European Time","EEST","Eastern European Summer Time","+02:00:00","+01:00:00","-1;0;3","+03:00:00","-1;0;10","+04:00:00"
"Europe/Belfast","GMT","Greenwich Mean Time","BST","BST","+00:00:00","+01:00:00","-1;0;3","+01:00:00","-1;0;10","+02:00:00"
"Europe/Belgrade","CET","Central European Time","CEST","Central European Summer Time","+01:00:00","+01:00:00","-1;0;3","+02:00:00","-1;0;10","+03:00:00"
"Europe/Berlin","CET","Central European Time","CEST","Central European Summer Time","+01:00:00","+01:00:00","-1;0;3","+02:00:00","-1;0;10","+03:00:00"
"Europe/Bratislava","CET","Central European Time","CEST","Central European Summer Time","+01:00:00","+01:00:00","-1;0;3","+02:00:00","-1;0;10","+03:00:00"
"Europe/Brussels","CET","Central European Time","CEST","Central European Summer Time","+01:00:00","+01:00:00","-1;0;3","+02:00:00","-1;0;10","+03:00:00"
"Europe/Bucharest","EET","Eastern European Time","EEST","Eastern European Summer Time","+02:00:00","+01:00:00","-1;0;3","+03:00:00","-1;0;10","+04:00:00"
"Europe/Budapest","CET","Central European Time","CEST","Central European Summer Time","+01:00:00","+01:00:00","-1;0;3","+02:00:00","-1;0;10","+03:00:00"
"Europe/Busingen","CET","Central European Time","CEST","Central European Summer Time","+01:00:00","+01:00:00","-1;0;3","+02:00:00","-1;0;10","+02:00:00"
"Europe/Chisinau","EET","Eastern European Time","EEST","Eastern European Summer Time","+02:00:00","+01:00:00","-1;0;3","+03:00:00","-1;0;10","+04:00:00"
"Europe/Copenhagen","CET","Central European Time","CEST","Central European Summer Time","+01:00:00","+01:00:00","-1;0;3","+02:00:00","-1;0;10","+03:00:00"
"Europe/Dublin","GMT","Greenwich Mean Time","IST","IST","+00:00:00","+01:00:00","-1;0;3","+01:00:00","-1;0;10","+02:00:00"
"Europe/Gibraltar","CET","Central European Time","CEST","Central European Summer Time","+01:00:00","+01:00:00","-1;0;3","+02:00:00","-1;0;10","+03:00:00"
"Europe/Guernsey","GMT","Greenwich Mean Time","BST","British Summer Time","+00:00:00","+01:00:00","-1;0;3","+01:00:00","-1;0;10","+02:00:00"
"Europe/Helsinki","EET","Eastern European Time","EEST","Eastern European Summer Time","+02:00:00","+01:00:00","-1;0;3","+03:00:00","-1;0;10","+04:00:00"
"Europe/Isle_of_Man","GMT","Greenwich Mean Time","BST","British Summer Time","+00:00:00","+01:00:00","-1;0;3","+01:00:00","-1;0;10","+02:00:00"
"Europe/Istanbul","EET","Eastern European Time","EEST","Eastern European Summer Time","+02:00:00","+01:00:00","-1;0;3","+03:00:00","-1;0;10","+04:00:00"
"Europe/Jersey","GMT","Greenwich Mean Time","BST","British Summer Time","+00:00:00","+01:00:00","-1;0;3","+01:00:00","-1;0;10","+02:00:00"
"Europe/Kaliningrad","EET","Eastern European Time","EEST","Eastern European Summer Time","+02:00:00","+01:00:00","-1;0;3","+02:00:00","-1;0;10","+03:00:00"
"Europe/Kiev","EET","Eastern European Time","EEST","Eastern European Summer Time","+02:00:00","+01:00:00","-1;0;3","+03:00:00","-1;0;10","+04:00:00"
"Europe/Kirov","MSK","Moscow Standard Time","","","+03:00:00","+00:00:00","","","","+00:00:00"
"Europe/Kyiv","EET","Eastern European Time","EEST","Eastern European Summer Time","+02:00:00","+01:00:00","-1;0;3","+03:00:00","-1;0;10","+04:00:00"
"Europe/Lisbon","WET","Western European Time","WEST","Western European Summer Time","+00:00:00","+01:00:00","-1;0;3","+01:00:00","-1;0;10","+02:00:00"
"Europe/Ljubljana","CET","Central European Time","CEST","Central European Summer Time","+01:00:00","+01:00:00","-1;0;3","+02:00:00","-1;0;10","+03:00:00"
"Europe/London","GMT","Greenwich Mean Time","BST","British Summer Time","+00:00:00","+01:00:00","-1;0;3","+01:00:00","-1;0;10","+02:00:00"
"Europe/Luxembourg","CET","Central European Time","CEST","Central European Summer Time","+01:00:00","+01:00:00","-1;0;3","+02:00:00","-1;0;10","+03:00:00"
"Europe/Madrid","CET","Central European Time","CEST","Central European Summer Time","+01:00:00","+01:00:00","-1;0;3","+02:00:00","-1;0;10","+03:00:00"
"Europe/Malta","CET","Central European Time","CEST","Central European Summer Time","+01:00:00","+01:00:00","-1;0;3","+02:00:00","-1;0;10","+03:00:00"
"Europe/Mariehamn","EET","Eastern European Time","EEST","Eastern European Summer Time","+02:00:00","+01:00:00","-1;0;3","+03:00:00","-1;0;10","+04:00:00"
"Europe/Minsk","EET","Eastern European Time","EEST","Eastern European Summer Time","+02:00:00","+01:00:00","-1;0;3","+02:00:00","-1;0;10","+03:00:00"
"Europe/Monaco","CET","Central European Time","CEST","Central European Summer Time","+01:00:00","+01:00:00","-1;0;3","+02:00:00","-1;0;10","+03:00:00"
"Europe/Moscow","MSK","Moscow Standard Time","MSD","Moscow Summer Time","+03:00:00","+01:00:00","-1;0;3","+02:00:00","-1;0;10","+03:00:00"
"Europe/Nicosia","EET","Eastern European Time","EEST","Eastern European Summer Time","+02:00:00","+01:00:00","-1;0;3","+03:00:00","-1;0;10","+04:00:00"
"Europe/Oslo","CET","Central European Time","CEST","Central European Summer Time","+01:00:00","+01:00:00","-1;0;3","+02:00:00","-1;0;10","+03:00:00"
"Europe/Paris","CET","Central European Time","CEST","Central European Summer Time","+01:00:00","+01:00:00","-1;0;3","+02:00:00","-1;0;10","+03:00:00"
"Europe/Podgorica","CET","Central European Time","CEST","Central European Summer Time","+01:00:00","+01:00:00","-1;0;3","+02:00:00","-1;0;10","+03:00:00"
"Europe/Prague","CET","Central European Time","CEST","Central European Summer Time","+01:00:00","+01:00:00","-1;0;3","+02:00:00","-1;0;10","+03:00:00"
"Europe/Riga","EET","Eastern European Time","EEST","Eastern European Summer Time","+02:00:00","+01:00:00","-1;0;3","+03:00:00","-1;0;10","+04:00:00"
"Europe/Rome","CET","Central European Time","CEST","Central European Summer Time","+01:00:00","+01:00:00","-1;0;3","+02:00:00","-1;0;10","+03:00:00"
"Europe/Samara","SAMT","Samara Time","SAMST","Samara Summer Time","+04:00:00","+01:00:00","-1;0;3","+02:00:00","-1;0;10","+03:00:00"
"Europe/San_Marino","CET","Central European Time","CEST","Central European Summer Time","+01:00:00","+01:00:00","-1;0;3","+02:00:00","-1;0;10","+03:00:00"
"Europe/Sarajevo","CET","Central European Time","CEST","Central European Summer Time","+01:00:00","+01:00:00","-1;0;3","+02:00:00","-1;0;10","+03:00:00"
"Europe/Saratov","SART","Saratov Time","","","+04:00:00","+00:00:00","","","","+00:00:00"
"Europe/Simferopol","EET","Eastern European Time","EEST","Eastern European Summer Time","+02:00:00","+01:00:00","-1;0;3","+03:00:00","-1;0;10","+04:00:00"
"Europe/Skopje","CET","Central European Time","CEST","Central European Summer Time","+01:00:00","+01:00:00","-1;0;3","+02:00:00","-1;0;10","+03:00:00"
"Europe/Sofia","EET","Eastern European Time","EEST","Eastern European Summer Time","+02:00:00","+01:00:00","-1;0;3","+03:00:00","-1;0;10","+04:00:00"
"Europe/Stockholm","CET","Central European Time","CEST","Central European Summer Time","+01:00:00","+01:00:00","-1;0;3","+02:00:00","-1;0;10","+03:00:00"
"Europe/Tallinn","EET","Eastern European Time","","","+02:00:00","+00:00:00","","","","+00:00:00"
"Europe/Tirane","CET","Central European Time","CEST","Central European Summer Time","+01:00:00","+01:00:00","-1;0;3","+02:00:00","-1;0;10","+03:00:00"
"Europe/Ulyanovsk","ULYT","Ulyanovsk Time","","","+04:00:00","+00:00:00","","","","+00:00:00"
"Europe/Uzhgorod","EET","Eastern European Time","EEST","Eastern European Summer Time","+02:00:00","+01:00:00","-1;0;3","+03:00:00","-1;0;10","+04:00:00"
"Europe/Vaduz","CET","Central European Time","CEST","Central European Summer Time","+01:00:00","+01:00:00","-1;0;3","+02:00:00","-1;0;10","+03:00:00"
"Europe/Vatican","CET","Central European Time","CEST","Central European Summer Time","+01:00:00","+01:00:00","-1;0;3","+02:00:00","-1;0;10","+03:00:00"
"Europe/Vienna","CET","Central European Time","CEST","Central European Summer Time","+01:00:00","+01:00:00","-1;0;3","+02:00:00","-1;0;10","+03:00:00"
"Europe/Vilnius","EET","Eastern European Time","","","+02:00:00","+00:00:00","","","","+00:00:00"
"Europe/Volgograd","VOLT","Volgograd Time","","","+03:00:00","+00:00:00","","","","+00:00:00"
"Europe/Warsaw","CET","Central European Time","CEST","Central European Summer Time","+01:00:00","+01:00:00","-1;0;3","+02:00:00","-1;0;10","+03:00:00"
"Europe/Zagreb","CET","Central European Time","CEST","Central European Summer Time","+01:00:00","+01:00:00","-1;0;3","+02:00:00","-1;0;10","+03:00:00"
"Europe/Zaporozhye","EET","Eastern European Time","EEST","Eastern European Summer Time","+02:00:00","+01:00:00","-1;0;3","+03:00:00","-1;0;10","+04:00:00"
"Europe/Zurich","CET","Central European Time","CEST","Central European Summer Time","+01:00:00","+01:00:00","-1;0;3","+02:00:00","-1;0;10","+03:00:00"
"Indian/Antananarivo","EAT","East Africa Time","","","+03:00:00","+00:00:00","","","","+00:00:00"
"Indian/Chagos","IOT","Indian Ocean Time","","","+06:00:00","+00:00:00","","","","+00:00:00"
"Indian/Christmas","CXT","Christmas Island Time","","","+07:00:00","+00:00:00","","","","+00:00:00"
"Indian/Cocos","CCT","Cocos Islands Time","","","+06:30:00","+00:00:00","","","","+00:00:00"
"Indian/Comoro","EAT","East Africa Time","","","+03:00:00","+00:00:00","","","","+00:00:00"
"Indian/Kerguelen","TFT","French Southern and Antarctic Time","","","+05:00:00","+00:00:00","","","","+00:00:00"
"Indian/Mahe","SCT","Seychelles Time","","","+04:00:00","+00:00:00","","","","+00:00:00"
"Indian/Maldives","MVT","Maldives Time","","","+05:00:00","+00:00:00","","","","+00:00:00"
"Indian/Mauritius","MUT","Mauritius Time","","","+04:00:00","+00:00:00","","","","+00:00:00"
"Indian/Mayotte","EAT","East Africa Time","","","+03:00:00","+00:00:00","","","","+00:00:00"
"Indian/Reunion","RET","Reunion Time","","","+04:00:00","+00:00:00","","","","+00:00:00"
"Pacific/Apia","WST","West Samoa Time","","","-11:00:00","+00:00:00","","","","+00:00:00"
"Pacific/Auckland","NZST","New Zealand Standard Time","NZDT","New Zealand Daylight Time","+12:00:00","+01:00:00","1;0;10","+02:00:00","3;0;3","+03:00:00"
"Pacific/Bougainville","BST","Bougainville Standard Time","","","+11:00:00","+00:00:00","","","","+00:00:00"
"Pacific/Chatham","CHAST","Chatham Standard Time","CHADT","Chatham Daylight Time","+12:45:00","+01:00:00","1;0;10","+02:45:00","3;0;3","+03:45:00"
"Pacific/Chuuk","CHUT","Chuuk Time","","","+10:00:00","+00:00:00","","","","+00:00:00"
"Pacific/Easter","EAST","Easter Island Standard Time","EASST","Easter Island Summer Time","-06:00:00","+01:00:00","2;6;10","+22:00:00","2;6;3","+22:00:00"
"Pacific/Efate","VUT","Vanuatu Time","","","+11:00:00","+00:00:00","","","","+00:00:00"
"Pacific/Enderbury","PHOT","Phoenix Islands Time","","","+13:00:00","+00:00:00","","","","+00:00:00"
"Pacific/Fakaofo","TKT","Tokelau Time","","","-10:00:00","+00:00:00","","","","+00:00:00"
"Pacific/Fiji","FJT","Fiji Time","","","+12:00:00","+00:00:00","","","","+00:00:00"
"Pacific/Funafuti","TVT","Tuvalu Time","","","+12:00:00","+00:00:00","","","","+00:00:00"
"Pacific/Galapagos","GALT","Galapagos Time","","","-06:00:00","+00:00:00","","","","+00:00:00"
"Pacific/Gambier","GAMT","Gambier Time","","","-09:00:00","+00:00:00","","","","+00:00:00"
"Pacific/Guadalcanal","SBT","Solomon Islands Time","","","+11:00:00","+00:00:00","","","","+00:00:00"
"Pacific/Guam","ChST","Chamorro Standard Time","","","+10:00:00","+00:00:00","","","","+00:00:00"
"Pacific/Honolulu","HST","Hawaii-Aleutian Standard Time","","","-10:00:00","+00:00:00","","","","+00:00:00"
"Pacific/Johnston","HST","Hawaii-Aleutian Standard Time","","","-10:00:00","+00:00:00","","","","+00:00:00"
"Pacific/Kanton","KANT","Kanton Time","","","+13:00:00","+00:00:00","","","","+00:00:00"
"Pacific/Kiritimati","LINT","Line Islands Time","","","+14:00:00","+00:00:00","","","","+00:00:00"
"Pacific/Kosrae","KOST","Kosrae Time","","","+11:00:00","+00:00:00","","","","+00:00:00"
"Pacific/Kwajalein","MHT","Marshall Islands Time","","","+12:00:00","+00:00:00","","","","+00:00:00"
"Pacific/Majuro","MHT","Marshall Islands Time","","","+12:00:00","+00:00:00","","","","+00:00:00"
"Pacific/Marquesas","MART","Marquesas Time","","","-09:30:00","+00:00:00","","","","+00:00:00"
"Pacific/Midway","SST","Samoa Standard Time","","","-11:00:00","+00:00:00","","","","+00:00:00"
"Pacific/Nauru","NRT","Nauru Time","","","+12:00:00","+00:00:00","","","","+00:00:00"
"Pacific/Niue","NUT","Niue Time","","","-11:00:00","+00:00:00","","","","+00:00:00"
"Pacific/Norfolk","NFT","Norfolk Time","","","+11:30:00","+00:00:00","","","","+00:00:00"
"Pacific/Noumea","NCT","New Caledonia Time","","","+11:00:00","+00:00:00","","","","+00:00:00"
"Pacific/Pago_Pago","SST","Samoa Standard Time","","","-11:00:00","+00:00:00","","","","+00:00:00"
"Pacific/Palau","PWT","Palau Time","","","+09:00:00","+00:00:00","","","","+00:00:00"
"Pacific/Pitcairn","PST","Pitcairn Standard Time","","","-08:00:00","+00:00:00","","","","+00:00:00"
"Pacific/Pohnpei","PONT","Pohnpei Standard Time","","","+11:00:00","+00:00:00","","","","+00:00:00"
"Pacific/Ponape","PONT","Ponape Time","","","+11:00:00","+00:00:00","","","","+00:00:00"
"Pacific/Port_Moresby","PGT","Papua New Guinea Time","","","+10:00:00","+00:00:00","","","","+00:00:00"
"Pacific/Rarotonga","CKT","Cook Islands Time","","","-10:00:00","+00:00:00","","","","+00:00:00"
"Pacific/Saipan","ChST","Chamorro Standard Time","","","+10:00:00","+00:00:00","","","","+00:00:00"
"Pacific/Tahiti","TAHT","Tahiti Time","","","-10:00:00","+00:00:00","","","","+00:00:00"
"Pacific/Tarawa","GILT","Gilbert Islands Time","","","+12:00:00","+00:00:00","","","","+00:00:00"
"Pacific/Tongatapu","TOT","Tonga Time","","","+13:00:00","+00:00:00","","","","+00:00:00"
"Pacific/Truk","TRUT","Truk Time","","","+10:00:00","+00:00:00","","","","+00:00:00"
"Pacific/Wake","WAKT","Wake Time","","","+12:00:00","+00:00:00","","","","+00:00:00"
"Pacific/Wallis","WFT","Wallis and Futuna Time","","","+12:00:00","+00:00:00","","","","+00:00:00"
"Pacific/Yap","YAPT","Yap Time","","","+10:00:00","+00:00:00","","","","+00:00:00"
"UTC","GMT","Greenwich Mean Time","","","+00:00:00","+00:00:00","","","","+00:00:00"
"GMT","GMT","Greenwich Mean Time","","","+00:00:00","+00:00:00","","","","+00:00:00"
"Etc/GMT","GMT","Greenwich Mean Time","","","+00:00:00","+00:00:00","","","","+00:00:00"
"Etc/GMT+1","GMT-1","Greenwich Mean Time -1 Hour","","","-01:00:00","+00:00:00","","","","+00:00:00"
"Etc/GMT+2","GMT-2","Greenwich Mean Time -2 Hours","","","-02:00:00","+00:00:00","","","","+00:00:00"
"Etc/GMT+3","GMT-3","Greenwich Mean Time -3 Hours","","","-03:00:00","+00:00:00","","","","+00:00:00"
"Etc/GMT+4","GMT-4","Greenwich Mean Time -4 Hours","","","-04:00:00","+00:00:00","","","","+00:00:00"
"Etc/GMT+5","GMT-5","Greenwich Mean Time -5 Hours","","","-05:00:00","+00:00:00","","","","+00:00:00"
"Etc/GMT+6","GMT-6","Greenwich Mean Time -6 Hours","","","-06:00:00","+00:00:00","","","","+00:00:00"
"Etc/GMT+7","GMT-7","Greenwich Mean Time -7 Hours","","","-07:00:00","+00:00:00","","","","+00:00:00"
"Etc/GMT+8","GMT-8","Greenwich Mean Time -8 Hours","","","-08:00:00","+00:00:00","","","","+00:00:00"
"Etc/GMT+9","GMT-9","Greenwich Mean Time -9 Hours","","","-09:00:00","+00:00:00","","","","+00:00:00"
"Etc/GMT+10","GMT-10","Greenwich Mean Time -10 Hours","","","-10:00:00","+00:00:00","","","","+00:00:00"
"Etc/GMT+11","GMT-11","Greenwich Mean Time -11 Hours","","","-11:00:00","+00:00:00","","","","+00:00:00"
"Etc/GMT+12","GMT-12","Greenwich Mean Time -12 Hours","","","-12:00:00","+00:00:00","","","","+00:00:00"
"Etc/GMT-1","GMT+1","Greenwich Mean Time +1 Hour","","","+01:00:00","+00:00:00","","","","+00:00:00"
"Etc/GMT-2","GMT+2","Greenwich Mean Time +2 Hours","","","+02:00:00","+00:00:00","","","","+00:00:00"
"Etc/GMT-3","GMT+3","Greenwich Mean Time +3 Hours","","","+03:00:00","+00:00:00","","","","+00:00:00"
"Etc/GMT-4","GMT+4","Greenwich Mean Time +4 Hours","","","+04:00:00","+00:00:00","","","","+00:00:00"
"Etc/GMT-5","GMT+5","Greenwich Mean Time +5 Hours","","","+05:00:00","+00:00:00","","","","+00:00:00"
"Etc/GMT-6","GMT+6","Greenwich Mean Time +6 Hours","","","+06:00:00","+00:00:00","","","","+00:00:00"
"Etc/GMT-7","GMT+7","Greenwich Mean Time +7 Hours","","","+07:00:00","+00:00:00","","","","+00:00:00"
"Etc/GMT-8","GMT+8","Greenwich Mean Time +8 Hours","","","+08:00:00","+00:00:00","","","","+00:00:00"
"Etc/GMT-9","GMT+9","Greenwich Mean Time +9 Hours","","","+09:00:00","+00:00:00","","","","+00:00:00"
"Etc/GMT-10","GMT+10","Greenwich Mean Time +10 Hours","","","+10:00:00","+00:00:00","","","","+00:00:00"
"Etc/GMT-11","GMT+11","Greenwich Mean Time +11 Hours","","","+11:00:00","+00:00:00","","","","+00:00:00"
"Etc/GMT-12","GMT+12","Greenwich Mean Time +12 Hours","","","+12:00:00","+00:00:00","","","","+00:00:00"
"Etc/UTC","UTC","Coordinated Universal Time","","","+00:00:00","+00:00:00","","","","+00:00:00"
